Age Group (Number),Average Spend (Currency: $USD),Total Amount Spent (Currency: USD),Purchase Frequency (Number)
Age is above 60,59.70124481,43164,723
Age is between 18 and 25,60.64798599,34630,571
Age is between 26 and 35,59.76010782,44342,742
Age is between 36 and 45,59.30589849,43234,729
Age is between 46 and 60,59.65726872,67711,1135
,,,
Analyst Note:,,,
,,,
,,,
,,,
Age Group (Number),Most Clothing Purchases (Number),,
46–60,492,,
,,,
Age Group (Number),Least Clothing Purchases (Number),,
18–25,269,,
,,,
Clothing Purchases Differences (Number),,,
223,,,
,,,
Analyst Note: ,,,
,,,
,,,
,,,
Gender (String),Purchase Frequency (Number),Average Spend (Currency $USD),Total Amount Spent (Currency $USD)
Female,1248,60.24919872,75191
Male,2652,59.5361991,157890
,,,
Analyst Note:,,,
,,,
,,,
,,,
,,,
Product Category,Customer ID,Transaction Count,
Backpack,57,1,
Backpack,66,1,
Backpack,106,1,
Backpack,111,1,
Backpack,123,1,
Backpack,133,1,
Backpack,162,1,
Backpack,177,1,
Backpack,187,1,
Backpack,195,1,
Backpack,266,1,
Backpack,276,1,
Backpack,319,1,
Backpack,381,1,
Backpack,403,1,
Backpack,415,1,
Backpack,428,1,
Backpack,468,1,
Backpack,469,1,
Backpack,494,1,
Backpack,549,1,
Backpack,550,1,
Backpack,566,1,
Backpack,592,1,
Backpack,602,1,
Backpack,609,1,
Backpack,618,1,
Backpack,620,1,
Backpack,621,1,
Backpack,633,1,
Backpack,645,1,
Backpack,659,1,
Backpack,692,1,
Backpack,709,1,
Backpack,769,1,
Backpack,795,1,
Backpack,835,1,
Backpack,881,1,
Backpack,894,1,
Backpack,951,1,
Backpack,1005,1,
Backpack,1006,1,
Backpack,1012,1,
Backpack,1084,1,
Backpack,1090,1,
Backpack,1117,1,
Backpack,1170,1,
Backpack,1175,1,
Backpack,1305,1,
Backpack,1326,1,
Backpack,1355,1,
Backpack,1358,1,
Backpack,1401,1,
Backpack,1404,1,
Backpack,1410,1,
Backpack,1428,1,
Backpack,1522,1,
Backpack,1530,1,
Backpack,1532,1,
Backpack,1558,1,
Backpack,1565,1,
Backpack,1568,1,
Backpack,1596,1,
Backpack,1624,1,
Backpack,1704,1,
Backpack,1732,1,
Backpack,1771,1,
Backpack,1785,1,
Backpack,1795,1,
Backpack,1810,1,
Backpack,1865,1,
Backpack,1884,1,
Backpack,1907,1,
Backpack,1916,1,
Backpack,1920,1,
Backpack,1927,1,
Backpack,1951,1,
Backpack,1973,1,
Backpack,1991,1,
Backpack,1998,1,
Backpack,2014,1,
Backpack,2019,1,
Backpack,2053,1,
Backpack,2057,1,
Backpack,2073,1,
Backpack,2122,1,
Backpack,2131,1,
Backpack,2175,1,
Backpack,2262,1,
Backpack,2263,1,
Backpack,2331,1,
Backpack,2357,1,
Backpack,2376,1,
Backpack,2384,1,
Backpack,2418,1,
Backpack,2424,1,
Backpack,2444,1,
Backpack,2496,1,
Backpack,2498,1,
Backpack,2512,1,
Backpack,2549,1,
Backpack,2564,1,
Backpack,2589,1,
Backpack,2599,1,
Backpack,2610,1,
Backpack,2623,1,
Backpack,2677,1,
Backpack,2684,1,
Backpack,2708,1,
Backpack,2726,1,
Backpack,2734,1,
Backpack,2773,1,
Backpack,2818,1,
Backpack,2821,1,
Backpack,2846,1,
Backpack,2869,1,
Backpack,2882,1,
Backpack,2886,1,
Backpack,2910,1,
Backpack,2933,1,
Backpack,3024,1,
Backpack,3033,1,
Backpack,3058,1,
Backpack,3063,1,
Backpack,3161,1,
Backpack,3250,1,
Backpack,3254,1,
Backpack,3290,1,
Backpack,3330,1,
Backpack,3402,1,
Backpack,3466,1,
Backpack,3503,1,
Backpack,3524,1,
Backpack,3559,1,
Backpack,3639,1,
Backpack,3646,1,
Backpack,3664,1,
Backpack,3678,1,
Backpack,3700,1,
Backpack,3749,1,
Backpack,3762,1,
Backpack,3832,1,
Backpack,3897,1,
Belt,60,1,
Belt,70,1,
Belt,71,1,
Belt,112,1,
Belt,194,1,
Belt,220,1,
Belt,245,1,
Belt,249,1,
Belt,282,1,
Belt,323,1,
Belt,358,1,
Belt,370,1,
Belt,398,1,
Belt,417,1,
Belt,439,1,
Belt,483,1,
Belt,520,1,
Belt,551,1,
Belt,591,1,
Belt,697,1,
Belt,757,1,
Belt,763,1,
Belt,800,1,
Belt,802,1,
Belt,826,1,
Belt,846,1,
Belt,877,1,
Belt,890,1,
Belt,899,1,
Belt,910,1,
Belt,921,1,
Belt,941,1,
Belt,945,1,
Belt,978,1,
Belt,982,1,
Belt,1014,1,
Belt,1017,1,
Belt,1040,1,
Belt,1043,1,
Belt,1082,1,
Belt,1119,1,
Belt,1158,1,
Belt,1159,1,
Belt,1176,1,
Belt,1185,1,
Belt,1197,1,
Belt,1205,1,
Belt,1282,1,
Belt,1289,1,
Belt,1293,1,
Belt,1300,1,
Belt,1317,1,
Belt,1340,1,
Belt,1341,1,
Belt,1349,1,
Belt,1367,1,
Belt,1368,1,
Belt,1416,1,
Belt,1446,1,
Belt,1465,1,
Belt,1478,1,
Belt,1494,1,
Belt,1506,1,
Belt,1519,1,
Belt,1526,1,
Belt,1540,1,
Belt,1546,1,
Belt,1583,1,
Belt,1589,1,
Belt,1606,1,
Belt,1654,1,
Belt,1655,1,
Belt,1699,1,
Belt,1733,1,
Belt,1756,1,
Belt,1779,1,
Belt,1798,1,
Belt,1812,1,
Belt,1860,1,
Belt,1971,1,
Belt,1988,1,
Belt,2001,1,
Belt,2016,1,
Belt,2038,1,
Belt,2061,1,
Belt,2074,1,
Belt,2113,1,
Belt,2177,1,
Belt,2191,1,
Belt,2215,1,
Belt,2221,1,
Belt,2226,1,
Belt,2255,1,
Belt,2286,1,
Belt,2303,1,
Belt,2337,1,
Belt,2348,1,
Belt,2456,1,
Belt,2482,1,
Belt,2523,1,
Belt,2537,1,
Belt,2541,1,
Belt,2553,1,
Belt,2560,1,
Belt,2601,1,
Belt,2643,1,
Belt,2670,1,
Belt,2679,1,
Belt,2691,1,
Belt,2727,1,
Belt,2744,1,
Belt,2756,1,
Belt,2779,1,
Belt,2853,1,
Belt,2894,1,
Belt,2911,1,
Belt,2946,1,
Belt,2953,1,
Belt,2970,1,
Belt,2986,1,
Belt,2987,1,
Belt,2990,1,
Belt,3003,1,
Belt,3010,1,
Belt,3011,1,
Belt,3012,1,
Belt,3013,1,
Belt,3038,1,
Belt,3044,1,
Belt,3065,1,
Belt,3068,1,
Belt,3079,1,
Belt,3080,1,
Belt,3112,1,
Belt,3150,1,
Belt,3153,1,
Belt,3155,1,
Belt,3158,1,
Belt,3178,1,
Belt,3197,1,
Belt,3234,1,
Belt,3236,1,
Belt,3237,1,
Belt,3262,1,
Belt,3274,1,
Belt,3292,1,
Belt,3298,1,
Belt,3304,1,
Belt,3353,1,
Belt,3371,1,
Belt,3432,1,
Belt,3437,1,
Belt,3578,1,
Belt,3590,1,
Belt,3618,1,
Belt,3628,1,
Belt,3727,1,
Belt,3776,1,
Belt,3812,1,
Belt,3821,1,
Belt,3898,1,
Blouse,1,1,
Blouse,5,1,
Blouse,36,1,
Blouse,51,1,
Blouse,67,1,
Blouse,137,1,
Blouse,190,1,
Blouse,202,1,
Blouse,232,1,
Blouse,270,1,
Blouse,335,1,
Blouse,349,1,
Blouse,456,1,
Blouse,457,1,
Blouse,519,1,
Blouse,538,1,
Blouse,568,1,
Blouse,642,1,
Blouse,648,1,
Blouse,679,1,
Blouse,686,1,
Blouse,713,1,
Blouse,722,1,
Blouse,825,1,
Blouse,866,1,
Blouse,939,1,
Blouse,948,1,
Blouse,1036,1,
Blouse,1054,1,
Blouse,1152,1,
Blouse,1189,1,
Blouse,1216,1,
Blouse,1228,1,
Blouse,1244,1,
Blouse,1267,1,
Blouse,1278,1,
Blouse,1304,1,
Blouse,1310,1,
Blouse,1364,1,
Blouse,1373,1,
Blouse,1388,1,
Blouse,1392,1,
Blouse,1409,1,
Blouse,1414,1,
Blouse,1429,1,
Blouse,1476,1,
Blouse,1509,1,
Blouse,1511,1,
Blouse,1535,1,
Blouse,1543,1,
Blouse,1553,1,
Blouse,1554,1,
Blouse,1585,1,
Blouse,1618,1,
Blouse,1630,1,
Blouse,1657,1,
Blouse,1669,1,
Blouse,1674,1,
Blouse,1686,1,
Blouse,1717,1,
Blouse,1728,1,
Blouse,1734,1,
Blouse,1789,1,
Blouse,1790,1,
Blouse,1832,1,
Blouse,1854,1,
Blouse,1870,1,
Blouse,1871,1,
Blouse,1881,1,
Blouse,1882,1,
Blouse,1921,1,
Blouse,1936,1,
Blouse,1994,1,
Blouse,2033,1,
Blouse,2037,1,
Blouse,2039,1,
Blouse,2085,1,
Blouse,2161,1,
Blouse,2183,1,
Blouse,2188,1,
Blouse,2190,1,
Blouse,2192,1,
Blouse,2220,1,
Blouse,2234,1,
Blouse,2257,1,
Blouse,2271,1,
Blouse,2285,1,
Blouse,2288,1,
Blouse,2341,1,
Blouse,2350,1,
Blouse,2355,1,
Blouse,2378,1,
Blouse,2385,1,
Blouse,2396,1,
Blouse,2443,1,
Blouse,2464,1,
Blouse,2471,1,
Blouse,2486,1,
Blouse,2491,1,
Blouse,2516,1,
Blouse,2573,1,
Blouse,2580,1,
Blouse,2596,1,
Blouse,2621,1,
Blouse,2640,1,
Blouse,2654,1,
Blouse,2690,1,
Blouse,2759,1,
Blouse,2769,1,
Blouse,2778,1,
Blouse,2786,1,
Blouse,2807,1,
Blouse,2816,1,
Blouse,2828,1,
Blouse,2852,1,
Blouse,2867,1,
Blouse,2880,1,
Blouse,2883,1,
Blouse,2897,1,
Blouse,2901,1,
Blouse,2902,1,
Blouse,2909,1,
Blouse,3004,1,
Blouse,3017,1,
Blouse,3025,1,
Blouse,3032,1,
Blouse,3040,1,
Blouse,3108,1,
Blouse,3113,1,
Blouse,3139,1,
Blouse,3151,1,
Blouse,3188,1,
Blouse,3189,1,
Blouse,3226,1,
Blouse,3270,1,
Blouse,3296,1,
Blouse,3297,1,
Blouse,3303,1,
Blouse,3321,1,
Blouse,3337,1,
Blouse,3356,1,
Blouse,3375,1,
Blouse,3398,1,
Blouse,3406,1,
Blouse,3416,1,
Blouse,3450,1,
Blouse,3452,1,
Blouse,3473,1,
Blouse,3514,1,
Blouse,3528,1,
Blouse,3542,1,
Blouse,3549,1,
Blouse,3556,1,
Blouse,3564,1,
Blouse,3581,1,
Blouse,3584,1,
Blouse,3596,1,
Blouse,3627,1,
Blouse,3629,1,
Blouse,3645,1,
Blouse,3669,1,
Blouse,3691,1,
Blouse,3694,1,
Blouse,3697,1,
Blouse,3713,1,
Blouse,3750,1,
Blouse,3788,1,
Blouse,3802,1,
Blouse,3808,1,
Blouse,3829,1,
Blouse,3847,1,
Boots,65,1,
Boots,104,1,
Boots,151,1,
Boots,180,1,
Boots,197,1,
Boots,254,1,
Boots,390,1,
Boots,399,1,
Boots,401,1,
Boots,446,1,
Boots,451,1,
Boots,462,1,
Boots,495,1,
Boots,499,1,
Boots,502,1,
Boots,518,1,
Boots,543,1,
Boots,589,1,
Boots,593,1,
Boots,600,1,
Boots,632,1,
Boots,647,1,
Boots,699,1,
Boots,702,1,
Boots,712,1,
Boots,731,1,
Boots,745,1,
Boots,754,1,
Boots,805,1,
Boots,810,1,
Boots,813,1,
Boots,836,1,
Boots,847,1,
Boots,874,1,
Boots,883,1,
Boots,930,1,
Boots,946,1,
Boots,962,1,
Boots,964,1,
Boots,966,1,
Boots,981,1,
Boots,1033,1,
Boots,1063,1,
Boots,1144,1,
Boots,1208,1,
Boots,1209,1,
Boots,1218,1,
Boots,1219,1,
Boots,1250,1,
Boots,1259,1,
Boots,1263,1,
Boots,1277,1,
Boots,1315,1,
Boots,1336,1,
Boots,1417,1,
Boots,1438,1,
Boots,1440,1,
Boots,1449,1,
Boots,1454,1,
Boots,1461,1,
Boots,1500,1,
Boots,1578,1,
Boots,1587,1,
Boots,1601,1,
Boots,1637,1,
Boots,1648,1,
Boots,1673,1,
Boots,1709,1,
Boots,1753,1,
Boots,1813,1,
Boots,1826,1,
Boots,1876,1,
Boots,1906,1,
Boots,1962,1,
Boots,1996,1,
Boots,2010,1,
Boots,2050,1,
Boots,2128,1,
Boots,2140,1,
Boots,2198,1,
Boots,2235,1,
Boots,2291,1,
Boots,2326,1,
Boots,2335,1,
Boots,2338,1,
Boots,2353,1,
Boots,2373,1,
Boots,2402,1,
Boots,2488,1,
Boots,2504,1,
Boots,2519,1,
Boots,2547,1,
Boots,2551,1,
Boots,2561,1,
Boots,2660,1,
Boots,2662,1,
Boots,2668,1,
Boots,2673,1,
Boots,2686,1,
Boots,2694,1,
Boots,2700,1,
Boots,2746,1,
Boots,2771,1,
Boots,2775,1,
Boots,2781,1,
Boots,2788,1,
Boots,2789,1,
Boots,2794,1,
Boots,2849,1,
Boots,2856,1,
Boots,2885,1,
Boots,2900,1,
Boots,2903,1,
Boots,2956,1,
Boots,2964,1,
Boots,2967,1,
Boots,2974,1,
Boots,3019,1,
Boots,3035,1,
Boots,3045,1,
Boots,3055,1,
Boots,3069,1,
Boots,3075,1,
Boots,3135,1,
Boots,3145,1,
Boots,3190,1,
Boots,3207,1,
Boots,3376,1,
Boots,3404,1,
Boots,3415,1,
Boots,3424,1,
Boots,3433,1,
Boots,3447,1,
Boots,3477,1,
Boots,3491,1,
Boots,3517,1,
Boots,3577,1,
Boots,3593,1,
Boots,3638,1,
Boots,3730,1,
Boots,3782,1,
Boots,3787,1,
Boots,3807,1,
Boots,3833,1,
Coat,9,1,
Coat,13,1,
Coat,15,1,
Coat,43,1,
Coat,55,1,
Coat,58,1,
Coat,68,1,
Coat,85,1,
Coat,102,1,
Coat,115,1,
Coat,120,1,
Coat,140,1,
Coat,144,1,
Coat,176,1,
Coat,191,1,
Coat,237,1,
Coat,243,1,
Coat,274,1,
Coat,290,1,
Coat,328,1,
Coat,329,1,
Coat,343,1,
Coat,374,1,
Coat,388,1,
Coat,416,1,
Coat,429,1,
Coat,436,1,
Coat,474,1,
Coat,492,1,
Coat,526,1,
Coat,531,1,
Coat,540,1,
Coat,546,1,
Coat,552,1,
Coat,557,1,
Coat,594,1,
Coat,614,1,
Coat,661,1,
Coat,732,1,
Coat,756,1,
Coat,768,1,
Coat,798,1,
Coat,839,1,
Coat,863,1,
Coat,922,1,
Coat,932,1,
Coat,947,1,
Coat,970,1,
Coat,983,1,
Coat,1022,1,
Coat,1031,1,
Coat,1062,1,
Coat,1067,1,
Coat,1077,1,
Coat,1080,1,
Coat,1096,1,
Coat,1097,1,
Coat,1140,1,
Coat,1173,1,
Coat,1193,1,
Coat,1201,1,
Coat,1240,1,
Coat,1257,1,
Coat,1308,1,
Coat,1328,1,
Coat,1335,1,
Coat,1352,1,
Coat,1363,1,
Coat,1395,1,
Coat,1426,1,
Coat,1439,1,
Coat,1457,1,
Coat,1480,1,
Coat,1531,1,
Coat,1635,1,
Coat,1643,1,
Coat,1645,1,
Coat,1652,1,
Coat,1675,1,
Coat,1684,1,
Coat,1691,1,
Coat,1727,1,
Coat,1748,1,
Coat,1774,1,
Coat,1801,1,
Coat,1829,1,
Coat,1987,1,
Coat,2063,1,
Coat,2082,1,
Coat,2124,1,
Coat,2126,1,
Coat,2129,1,
Coat,2170,1,
Coat,2181,1,
Coat,2189,1,
Coat,2256,1,
Coat,2266,1,
Coat,2274,1,
Coat,2292,1,
Coat,2300,1,
Coat,2301,1,
Coat,2323,1,
Coat,2325,1,
Coat,2336,1,
Coat,2390,1,
Coat,2416,1,
Coat,2450,1,
Coat,2490,1,
Coat,2499,1,
Coat,2525,1,
Coat,2536,1,
Coat,2538,1,
Coat,2587,1,
Coat,2603,1,
Coat,2655,1,
Coat,2669,1,
Coat,2697,1,
Coat,2714,1,
Coat,2803,1,
Coat,2843,1,
Coat,2850,1,
Coat,2862,1,
Coat,2863,1,
Coat,2907,1,
Coat,2914,1,
Coat,2961,1,
Coat,2965,1,
Coat,2977,1,
Coat,3002,1,
Coat,3043,1,
Coat,3051,1,
Coat,3061,1,
Coat,3117,1,
Coat,3126,1,
Coat,3138,1,
Coat,3204,1,
Coat,3216,1,
Coat,3220,1,
Coat,3251,1,
Coat,3252,1,
Coat,3267,1,
Coat,3291,1,
Coat,3294,1,
Coat,3322,1,
Coat,3384,1,
Coat,3418,1,
Coat,3423,1,
Coat,3449,1,
Coat,3465,1,
Coat,3471,1,
Coat,3543,1,
Coat,3576,1,
Coat,3640,1,
Coat,3654,1,
Coat,3680,1,
Coat,3693,1,
Coat,3722,1,
Coat,3747,1,
Coat,3753,1,
Coat,3817,1,
Coat,3870,1,
Dress,14,1,
Dress,18,1,
Dress,30,1,
Dress,32,1,
Dress,39,1,
Dress,72,1,
Dress,73,1,
Dress,78,1,
Dress,84,1,
Dress,130,1,
Dress,155,1,
Dress,201,1,
Dress,238,1,
Dress,292,1,
Dress,305,1,
Dress,310,1,
Dress,314,1,
Dress,368,1,
Dress,379,1,
Dress,397,1,
Dress,445,1,
Dress,471,1,
Dress,497,1,
Dress,541,1,
Dress,599,1,
Dress,640,1,
Dress,664,1,
Dress,695,1,
Dress,704,1,
Dress,734,1,
Dress,737,1,
Dress,760,1,
Dress,780,1,
Dress,806,1,
Dress,827,1,
Dress,853,1,
Dress,869,1,
Dress,886,1,
Dress,906,1,
Dress,915,1,
Dress,916,1,
Dress,929,1,
Dress,943,1,
Dress,952,1,
Dress,956,1,
Dress,967,1,
Dress,1002,1,
Dress,1019,1,
Dress,1068,1,
Dress,1155,1,
Dress,1165,1,
Dress,1167,1,
Dress,1177,1,
Dress,1179,1,
Dress,1238,1,
Dress,1246,1,
Dress,1258,1,
Dress,1285,1,
Dress,1309,1,
Dress,1346,1,
Dress,1362,1,
Dress,1389,1,
Dress,1399,1,
Dress,1422,1,
Dress,1423,1,
Dress,1451,1,
Dress,1508,1,
Dress,1510,1,
Dress,1512,1,
Dress,1539,1,
Dress,1549,1,
Dress,1577,1,
Dress,1594,1,
Dress,1629,1,
Dress,1638,1,
Dress,1680,1,
Dress,1716,1,
Dress,1736,1,
Dress,1755,1,
Dress,1758,1,
Dress,1765,1,
Dress,1799,1,
Dress,1894,1,
Dress,1950,1,
Dress,1968,1,
Dress,1970,1,
Dress,2079,1,
Dress,2087,1,
Dress,2094,1,
Dress,2097,1,
Dress,2114,1,
Dress,2118,1,
Dress,2142,1,
Dress,2162,1,
Dress,2176,1,
Dress,2197,1,
Dress,2203,1,
Dress,2204,1,
Dress,2267,1,
Dress,2272,1,
Dress,2275,1,
Dress,2310,1,
Dress,2314,1,
Dress,2389,1,
Dress,2400,1,
Dress,2476,1,
Dress,2480,1,
Dress,2507,1,
Dress,2570,1,
Dress,2582,1,
Dress,2583,1,
Dress,2602,1,
Dress,2604,1,
Dress,2625,1,
Dress,2658,1,
Dress,2685,1,
Dress,2688,1,
Dress,2705,1,
Dress,2709,1,
Dress,2742,1,
Dress,2752,1,
Dress,2767,1,
Dress,2768,1,
Dress,2824,1,
Dress,2842,1,
Dress,2858,1,
Dress,2879,1,
Dress,2893,1,
Dress,2954,1,
Dress,2957,1,
Dress,2983,1,
Dress,2992,1,
Dress,3007,1,
Dress,3029,1,
Dress,3030,1,
Dress,3089,1,
Dress,3092,1,
Dress,3162,1,
Dress,3165,1,
Dress,3168,1,
Dress,3269,1,
Dress,3279,1,
Dress,3354,1,
Dress,3381,1,
Dress,3394,1,
Dress,3396,1,
Dress,3408,1,
Dress,3444,1,
Dress,3474,1,
Dress,3485,1,
Dress,3490,1,
Dress,3516,1,
Dress,3555,1,
Dress,3571,1,
Dress,3582,1,
Dress,3591,1,
Dress,3601,1,
Dress,3616,1,
Dress,3623,1,
Dress,3643,1,
Dress,3726,1,
Dress,3815,1,
Dress,3839,1,
Dress,3869,1,
Dress,3890,1,
Dress,3892,1,
Gloves,75,1,
Gloves,97,1,
Gloves,113,1,
Gloves,142,1,
Gloves,149,1,
Gloves,160,1,
Gloves,161,1,
Gloves,168,1,
Gloves,183,1,
Gloves,208,1,
Gloves,223,1,
Gloves,235,1,
Gloves,259,1,
Gloves,308,1,
Gloves,366,1,
Gloves,391,1,
Gloves,407,1,
Gloves,449,1,
Gloves,458,1,
Gloves,513,1,
Gloves,523,1,
Gloves,535,1,
Gloves,556,1,
Gloves,617,1,
Gloves,651,1,
Gloves,663,1,
Gloves,688,1,
Gloves,752,1,
Gloves,755,1,
Gloves,761,1,
Gloves,767,1,
Gloves,832,1,
Gloves,837,1,
Gloves,891,1,
Gloves,979,1,
Gloves,1008,1,
Gloves,1016,1,
Gloves,1030,1,
Gloves,1102,1,
Gloves,1129,1,
Gloves,1142,1,
Gloves,1221,1,
Gloves,1226,1,
Gloves,1235,1,
Gloves,1286,1,
Gloves,1287,1,
Gloves,1330,1,
Gloves,1374,1,
Gloves,1393,1,
Gloves,1394,1,
Gloves,1466,1,
Gloves,1469,1,
Gloves,1479,1,
Gloves,1483,1,
Gloves,1486,1,
Gloves,1518,1,
Gloves,1633,1,
Gloves,1640,1,
Gloves,1660,1,
Gloves,1662,1,
Gloves,1687,1,
Gloves,1786,1,
Gloves,1791,1,
Gloves,1839,1,
Gloves,1851,1,
Gloves,1863,1,
Gloves,1869,1,
Gloves,1878,1,
Gloves,1887,1,
Gloves,1923,1,
Gloves,1940,1,
Gloves,1952,1,
Gloves,1955,1,
Gloves,1958,1,
Gloves,1975,1,
Gloves,1986,1,
Gloves,2044,1,
Gloves,2077,1,
Gloves,2106,1,
Gloves,2159,1,
Gloves,2174,1,
Gloves,2178,1,
Gloves,2201,1,
Gloves,2225,1,
Gloves,2229,1,
Gloves,2250,1,
Gloves,2268,1,
Gloves,2279,1,
Gloves,2297,1,
Gloves,2307,1,
Gloves,2311,1,
Gloves,2324,1,
Gloves,2375,1,
Gloves,2377,1,
Gloves,2435,1,
Gloves,2455,1,
Gloves,2478,1,
Gloves,2501,1,
Gloves,2530,1,
Gloves,2591,1,
Gloves,2614,1,
Gloves,2644,1,
Gloves,2650,1,
Gloves,2730,1,
Gloves,2731,1,
Gloves,2754,1,
Gloves,2766,1,
Gloves,2783,1,
Gloves,2792,1,
Gloves,2935,1,
Gloves,2981,1,
Gloves,2985,1,
Gloves,3057,1,
Gloves,3128,1,
Gloves,3141,1,
Gloves,3194,1,
Gloves,3199,1,
Gloves,3248,1,
Gloves,3327,1,
Gloves,3340,1,
Gloves,3367,1,
Gloves,3405,1,
Gloves,3414,1,
Gloves,3440,1,
Gloves,3483,1,
Gloves,3493,1,
Gloves,3552,1,
Gloves,3565,1,
Gloves,3586,1,
Gloves,3609,1,
Gloves,3615,1,
Gloves,3619,1,
Gloves,3634,1,
Gloves,3682,1,
Gloves,3708,1,
Gloves,3725,1,
Gloves,3770,1,
Gloves,3775,1,
Gloves,3784,1,
Gloves,3796,1,
Handbag,10,1,
Handbag,29,1,
Handbag,41,1,
Handbag,69,1,
Handbag,165,1,
Handbag,166,1,
Handbag,213,1,
Handbag,214,1,
Handbag,250,1,
Handbag,252,1,
Handbag,258,1,
Handbag,286,1,
Handbag,294,1,
Handbag,309,1,
Handbag,317,1,
Handbag,369,1,
Handbag,389,1,
Handbag,480,1,
Handbag,496,1,
Handbag,604,1,
Handbag,637,1,
Handbag,655,1,
Handbag,656,1,
Handbag,700,1,
Handbag,776,1,
Handbag,788,1,
Handbag,790,1,
Handbag,814,1,
Handbag,818,1,
Handbag,834,1,
Handbag,872,1,
Handbag,878,1,
Handbag,888,1,
Handbag,942,1,
Handbag,986,1,
Handbag,988,1,
Handbag,1023,1,
Handbag,1027,1,
Handbag,1037,1,
Handbag,1099,1,
Handbag,1123,1,
Handbag,1137,1,
Handbag,1153,1,
Handbag,1160,1,
Handbag,1206,1,
Handbag,1207,1,
Handbag,1214,1,
Handbag,1233,1,
Handbag,1331,1,
Handbag,1339,1,
Handbag,1366,1,
Handbag,1375,1,
Handbag,1408,1,
Handbag,1420,1,
Handbag,1542,1,
Handbag,1552,1,
Handbag,1595,1,
Handbag,1620,1,
Handbag,1647,1,
Handbag,1665,1,
Handbag,1668,1,
Handbag,1689,1,
Handbag,1693,1,
Handbag,1702,1,
Handbag,1739,1,
Handbag,1747,1,
Handbag,1784,1,
Handbag,1807,1,
Handbag,1843,1,
Handbag,1977,1,
Handbag,2022,1,
Handbag,2056,1,
Handbag,2141,1,
Handbag,2156,1,
Handbag,2158,1,
Handbag,2169,1,
Handbag,2182,1,
Handbag,2208,1,
Handbag,2284,1,
Handbag,2299,1,
Handbag,2306,1,
Handbag,2315,1,
Handbag,2354,1,
Handbag,2361,1,
Handbag,2440,1,
Handbag,2458,1,
Handbag,2483,1,
Handbag,2489,1,
Handbag,2492,1,
Handbag,2506,1,
Handbag,2514,1,
Handbag,2522,1,
Handbag,2524,1,
Handbag,2567,1,
Handbag,2619,1,
Handbag,2659,1,
Handbag,2689,1,
Handbag,2732,1,
Handbag,2764,1,
Handbag,2787,1,
Handbag,2826,1,
Handbag,2827,1,
Handbag,2922,1,
Handbag,2927,1,
Handbag,2938,1,
Handbag,2941,1,
Handbag,2960,1,
Handbag,2972,1,
Handbag,3036,1,
Handbag,3041,1,
Handbag,3042,1,
Handbag,3050,1,
Handbag,3059,1,
Handbag,3077,1,
Handbag,3087,1,
Handbag,3111,1,
Handbag,3115,1,
Handbag,3124,1,
Handbag,3146,1,
Handbag,3156,1,
Handbag,3181,1,
Handbag,3200,1,
Handbag,3221,1,
Handbag,3242,1,
Handbag,3281,1,
Handbag,3289,1,
Handbag,3293,1,
Handbag,3305,1,
Handbag,3310,1,
Handbag,3324,1,
Handbag,3346,1,
Handbag,3351,1,
Handbag,3363,1,
Handbag,3380,1,
Handbag,3441,1,
Handbag,3455,1,
Handbag,3478,1,
Handbag,3479,1,
Handbag,3498,1,
Handbag,3505,1,
Handbag,3508,1,
Handbag,3537,1,
Handbag,3538,1,
Handbag,3566,1,
Handbag,3652,1,
Handbag,3653,1,
Handbag,3672,1,
Handbag,3675,1,
Handbag,3701,1,
Handbag,3767,1,
Handbag,3791,1,
Handbag,3804,1,
Handbag,3900,1,
Hat,45,1,
Hat,77,1,
Hat,91,1,
Hat,114,1,
Hat,121,1,
Hat,135,1,
Hat,158,1,
Hat,174,1,
Hat,192,1,
Hat,200,1,
Hat,203,1,
Hat,222,1,
Hat,261,1,
Hat,301,1,
Hat,337,1,
Hat,342,1,
Hat,350,1,
Hat,359,1,
Hat,432,1,
Hat,460,1,
Hat,482,1,
Hat,485,1,
Hat,516,1,
Hat,577,1,
Hat,601,1,
Hat,606,1,
Hat,613,1,
Hat,652,1,
Hat,685,1,
Hat,726,1,
Hat,749,1,
Hat,774,1,
Hat,775,1,
Hat,787,1,
Hat,816,1,
Hat,854,1,
Hat,870,1,
Hat,896,1,
Hat,901,1,
Hat,903,1,
Hat,944,1,
Hat,949,1,
Hat,953,1,
Hat,955,1,
Hat,980,1,
Hat,984,1,
Hat,1004,1,
Hat,1065,1,
Hat,1072,1,
Hat,1083,1,
Hat,1105,1,
Hat,1116,1,
Hat,1124,1,
Hat,1148,1,
Hat,1188,1,
Hat,1231,1,
Hat,1237,1,
Hat,1249,1,
Hat,1256,1,
Hat,1275,1,
Hat,1321,1,
Hat,1353,1,
Hat,1365,1,
Hat,1391,1,
Hat,1400,1,
Hat,1411,1,
Hat,1433,1,
Hat,1473,1,
Hat,1477,1,
Hat,1489,1,
Hat,1521,1,
Hat,1528,1,
Hat,1548,1,
Hat,1561,1,
Hat,1598,1,
Hat,1617,1,
Hat,1621,1,
Hat,1696,1,
Hat,1759,1,
Hat,1794,1,
Hat,1817,1,
Hat,1830,1,
Hat,1838,1,
Hat,1941,1,
Hat,1963,1,
Hat,1972,1,
Hat,2051,1,
Hat,2088,1,
Hat,2103,1,
Hat,2134,1,
Hat,2143,1,
Hat,2214,1,
Hat,2265,1,
Hat,2278,1,
Hat,2296,1,
Hat,2330,1,
Hat,2380,1,
Hat,2388,1,
Hat,2449,1,
Hat,2477,1,
Hat,2515,1,
Hat,2575,1,
Hat,2675,1,
Hat,2696,1,
Hat,2723,1,
Hat,2757,1,
Hat,2758,1,
Hat,2825,1,
Hat,2845,1,
Hat,2854,1,
Hat,2887,1,
Hat,2934,1,
Hat,3096,1,
Hat,3101,1,
Hat,3160,1,
Hat,3260,1,
Hat,3280,1,
Hat,3286,1,
Hat,3301,1,
Hat,3312,1,
Hat,3314,1,
Hat,3318,1,
Hat,3336,1,
Hat,3345,1,
Hat,3377,1,
Hat,3382,1,
Hat,3421,1,
Hat,3426,1,
Hat,3446,1,
Hat,3521,1,
Hat,3544,1,
Hat,3608,1,
Hat,3614,1,
Hat,3625,1,
Hat,3631,1,
Hat,3632,1,
Hat,3676,1,
Hat,3712,1,
Hat,3715,1,
Hat,3721,1,
Hat,3732,1,
Hat,3789,1,
Hat,3805,1,
Hat,3816,1,
Hat,3823,1,
Hat,3831,1,
Hat,3844,1,
Hat,3853,1,
Hat,3858,1,
Hat,3867,1,
Hat,3876,1,
Hat,3879,1,
Hat,3884,1,
Hat,3894,1,
Hoodie,26,1,
Hoodie,50,1,
Hoodie,59,1,
Hoodie,87,1,
Hoodie,100,1,
Hoodie,154,1,
Hoodie,178,1,
Hoodie,189,1,
Hoodie,242,1,
Hoodie,324,1,
Hoodie,339,1,
Hoodie,408,1,
Hoodie,442,1,
Hoodie,481,1,
Hoodie,484,1,
Hoodie,517,1,
Hoodie,547,1,
Hoodie,565,1,
Hoodie,587,1,
Hoodie,595,1,
Hoodie,608,1,
Hoodie,636,1,
Hoodie,646,1,
Hoodie,649,1,
Hoodie,667,1,
Hoodie,690,1,
Hoodie,705,1,
Hoodie,714,1,
Hoodie,758,1,
Hoodie,783,1,
Hoodie,822,1,
Hoodie,838,1,
Hoodie,844,1,
Hoodie,848,1,
Hoodie,860,1,
Hoodie,871,1,
Hoodie,895,1,
Hoodie,911,1,
Hoodie,913,1,
Hoodie,936,1,
Hoodie,968,1,
Hoodie,1010,1,
Hoodie,1029,1,
Hoodie,1064,1,
Hoodie,1104,1,
Hoodie,1110,1,
Hoodie,1111,1,
Hoodie,1113,1,
Hoodie,1130,1,
Hoodie,1133,1,
Hoodie,1195,1,
Hoodie,1212,1,
Hoodie,1242,1,
Hoodie,1247,1,
Hoodie,1264,1,
Hoodie,1271,1,
Hoodie,1280,1,
Hoodie,1311,1,
Hoodie,1333,1,
Hoodie,1342,1,
Hoodie,1347,1,
Hoodie,1360,1,
Hoodie,1434,1,
Hoodie,1443,1,
Hoodie,1448,1,
Hoodie,1557,1,
Hoodie,1642,1,
Hoodie,1672,1,
Hoodie,1701,1,
Hoodie,1718,1,
Hoodie,1750,1,
Hoodie,1762,1,
Hoodie,1766,1,
Hoodie,1800,1,
Hoodie,1888,1,
Hoodie,1889,1,
Hoodie,1895,1,
Hoodie,1917,1,
Hoodie,1933,1,
Hoodie,1945,1,
Hoodie,1946,1,
Hoodie,1956,1,
Hoodie,1993,1,
Hoodie,2096,1,
Hoodie,2109,1,
Hoodie,2254,1,
Hoodie,2282,1,
Hoodie,2305,1,
Hoodie,2319,1,
Hoodie,2374,1,
Hoodie,2412,1,
Hoodie,2432,1,
Hoodie,2485,1,
Hoodie,2500,1,
Hoodie,2559,1,
Hoodie,2562,1,
Hoodie,2577,1,
Hoodie,2606,1,
Hoodie,2629,1,
Hoodie,2636,1,
Hoodie,2674,1,
Hoodie,2699,1,
Hoodie,2720,1,
Hoodie,2737,1,
Hoodie,2747,1,
Hoodie,2799,1,
Hoodie,2805,1,
Hoodie,2808,1,
Hoodie,2813,1,
Hoodie,2832,1,
Hoodie,2877,1,
Hoodie,2889,1,
Hoodie,2896,1,
Hoodie,2962,1,
Hoodie,2999,1,
Hoodie,3028,1,
Hoodie,3037,1,
Hoodie,3081,1,
Hoodie,3118,1,
Hoodie,3122,1,
Hoodie,3144,1,
Hoodie,3192,1,
Hoodie,3206,1,
Hoodie,3217,1,
Hoodie,3225,1,
Hoodie,3244,1,
Hoodie,3268,1,
Hoodie,3306,1,
Hoodie,3358,1,
Hoodie,3372,1,
Hoodie,3385,1,
Hoodie,3392,1,
Hoodie,3403,1,
Hoodie,3457,1,
Hoodie,3460,1,
Hoodie,3484,1,
Hoodie,3587,1,
Hoodie,3597,1,
Hoodie,3599,1,
Hoodie,3605,1,
Hoodie,3617,1,
Hoodie,3698,1,
Hoodie,3709,1,
Hoodie,3735,1,
Hoodie,3745,1,
Hoodie,3751,1,
Hoodie,3835,1,
Hoodie,3838,1,
Hoodie,3850,1,
Hoodie,3878,1,
Hoodie,3896,1,
Jacket,25,1,
Jacket,33,1,
Jacket,56,1,
Jacket,80,1,
Jacket,90,1,
Jacket,93,1,
Jacket,107,1,
Jacket,143,1,
Jacket,170,1,
Jacket,196,1,
Jacket,211,1,
Jacket,215,1,
Jacket,226,1,
Jacket,307,1,
Jacket,413,1,
Jacket,440,1,
Jacket,455,1,
Jacket,463,1,
Jacket,488,1,
Jacket,537,1,
Jacket,542,1,
Jacket,548,1,
Jacket,562,1,
Jacket,572,1,
Jacket,583,1,
Jacket,619,1,
Jacket,658,1,
Jacket,670,1,
Jacket,672,1,
Jacket,683,1,
Jacket,710,1,
Jacket,715,1,
Jacket,833,1,
Jacket,859,1,
Jacket,868,1,
Jacket,875,1,
Jacket,904,1,
Jacket,974,1,
Jacket,993,1,
Jacket,1018,1,
Jacket,1056,1,
Jacket,1058,1,
Jacket,1060,1,
Jacket,1078,1,
Jacket,1194,1,
Jacket,1215,1,
Jacket,1229,1,
Jacket,1269,1,
Jacket,1290,1,
Jacket,1357,1,
Jacket,1379,1,
Jacket,1383,1,
Jacket,1387,1,
Jacket,1425,1,
Jacket,1452,1,
Jacket,1453,1,
Jacket,1493,1,
Jacket,1498,1,
Jacket,1504,1,
Jacket,1505,1,
Jacket,1527,1,
Jacket,1533,1,
Jacket,1580,1,
Jacket,1639,1,
Jacket,1666,1,
Jacket,1694,1,
Jacket,1714,1,
Jacket,1776,1,
Jacket,1777,1,
Jacket,1787,1,
Jacket,1809,1,
Jacket,1844,1,
Jacket,1893,1,
Jacket,1925,1,
Jacket,1935,1,
Jacket,1967,1,
Jacket,1976,1,
Jacket,2042,1,
Jacket,2072,1,
Jacket,2090,1,
Jacket,2117,1,
Jacket,2123,1,
Jacket,2167,1,
Jacket,2232,1,
Jacket,2242,1,
Jacket,2247,1,
Jacket,2273,1,
Jacket,2318,1,
Jacket,2342,1,
Jacket,2347,1,
Jacket,2399,1,
Jacket,2413,1,
Jacket,2421,1,
Jacket,2427,1,
Jacket,2428,1,
Jacket,2431,1,
Jacket,2433,1,
Jacket,2465,1,
Jacket,2511,1,
Jacket,2520,1,
Jacket,2521,1,
Jacket,2548,1,
Jacket,2550,1,
Jacket,2592,1,
Jacket,2609,1,
Jacket,2612,1,
Jacket,2615,1,
Jacket,2627,1,
Jacket,2637,1,
Jacket,2698,1,
Jacket,2706,1,
Jacket,2711,1,
Jacket,2713,1,
Jacket,2749,1,
Jacket,2750,1,
Jacket,2772,1,
Jacket,2795,1,
Jacket,2797,1,
Jacket,2812,1,
Jacket,2835,1,
Jacket,2839,1,
Jacket,2857,1,
Jacket,2898,1,
Jacket,2973,1,
Jacket,2994,1,
Jacket,3020,1,
Jacket,3066,1,
Jacket,3103,1,
Jacket,3110,1,
Jacket,3129,1,
Jacket,3132,1,
Jacket,3166,1,
Jacket,3182,1,
Jacket,3205,1,
Jacket,3284,1,
Jacket,3287,1,
Jacket,3299,1,
Jacket,3307,1,
Jacket,3311,1,
Jacket,3319,1,
Jacket,3338,1,
Jacket,3342,1,
Jacket,3343,1,
Jacket,3361,1,
Jacket,3419,1,
Jacket,3438,1,
Jacket,3453,1,
Jacket,3558,1,
Jacket,3592,1,
Jacket,3611,1,
Jacket,3642,1,
Jacket,3657,1,
Jacket,3665,1,
Jacket,3723,1,
Jacket,3729,1,
Jacket,3783,1,
Jacket,3800,1,
Jacket,3827,1,
Jacket,3834,1,
Jacket,3843,1,
Jacket,3862,1,
Jacket,3868,1,
Jacket,3873,1,
Jeans,3,1,
Jeans,38,1,
Jeans,99,1,
Jeans,228,1,
Jeans,260,1,
Jeans,262,1,
Jeans,271,1,
Jeans,312,1,
Jeans,347,1,
Jeans,353,1,
Jeans,383,1,
Jeans,406,1,
Jeans,412,1,
Jeans,426,1,
Jeans,467,1,
Jeans,473,1,
Jeans,563,1,
Jeans,576,1,
Jeans,657,1,
Jeans,707,1,
Jeans,716,1,
Jeans,729,1,
Jeans,741,1,
Jeans,773,1,
Jeans,785,1,
Jeans,807,1,
Jeans,850,1,
Jeans,865,1,
Jeans,873,1,
Jeans,917,1,
Jeans,926,1,
Jeans,927,1,
Jeans,935,1,
Jeans,950,1,
Jeans,971,1,
Jeans,1011,1,
Jeans,1041,1,
Jeans,1044,1,
Jeans,1045,1,
Jeans,1088,1,
Jeans,1141,1,
Jeans,1145,1,
Jeans,1186,1,
Jeans,1187,1,
Jeans,1223,1,
Jeans,1251,1,
Jeans,1274,1,
Jeans,1288,1,
Jeans,1297,1,
Jeans,1421,1,
Jeans,1447,1,
Jeans,1501,1,
Jeans,1502,1,
Jeans,1516,1,
Jeans,1517,1,
Jeans,1544,1,
Jeans,1591,1,
Jeans,1678,1,
Jeans,1703,1,
Jeans,1715,1,
Jeans,1729,1,
Jeans,1735,1,
Jeans,1792,1,
Jeans,1796,1,
Jeans,1811,1,
Jeans,1815,1,
Jeans,1849,1,
Jeans,1872,1,
Jeans,1896,1,
Jeans,1930,1,
Jeans,1939,1,
Jeans,1961,1,
Jeans,1980,1,
Jeans,2013,1,
Jeans,2034,1,
Jeans,2045,1,
Jeans,2080,1,
Jeans,2083,1,
Jeans,2086,1,
Jeans,2092,1,
Jeans,2152,1,
Jeans,2196,1,
Jeans,2205,1,
Jeans,2260,1,
Jeans,2277,1,
Jeans,2363,1,
Jeans,2393,1,
Jeans,2406,1,
Jeans,2439,1,
Jeans,2457,1,
Jeans,2461,1,
Jeans,2487,1,
Jeans,2581,1,
Jeans,2584,1,
Jeans,2611,1,
Jeans,2735,1,
Jeans,2748,1,
Jeans,2811,1,
Jeans,2834,1,
Jeans,2859,1,
Jeans,2891,1,
Jeans,2951,1,
Jeans,2980,1,
Jeans,2996,1,
Jeans,3021,1,
Jeans,3070,1,
Jeans,3169,1,
Jeans,3191,1,
Jeans,3309,1,
Jeans,3334,1,
Jeans,3347,1,
Jeans,3357,1,
Jeans,3399,1,
Jeans,3463,1,
Jeans,3567,1,
Jeans,3574,1,
Jeans,3604,1,
Jeans,3606,1,
Jeans,3651,1,
Jeans,3737,1,
Jeans,3780,1,
Jeans,3786,1,
Jeans,3841,1,
Jeans,3842,1,
Jewelry,27,1,
Jewelry,31,1,
Jewelry,48,1,
Jewelry,146,1,
Jewelry,173,1,
Jewelry,199,1,
Jewelry,233,1,
Jewelry,244,1,
Jewelry,257,1,
Jewelry,267,1,
Jewelry,273,1,
Jewelry,275,1,
Jewelry,287,1,
Jewelry,316,1,
Jewelry,321,1,
Jewelry,355,1,
Jewelry,356,1,
Jewelry,375,1,
Jewelry,382,1,
Jewelry,387,1,
Jewelry,414,1,
Jewelry,438,1,
Jewelry,450,1,
Jewelry,452,1,
Jewelry,454,1,
Jewelry,464,1,
Jewelry,479,1,
Jewelry,509,1,
Jewelry,561,1,
Jewelry,598,1,
Jewelry,615,1,
Jewelry,626,1,
Jewelry,631,1,
Jewelry,675,1,
Jewelry,717,1,
Jewelry,721,1,
Jewelry,724,1,
Jewelry,762,1,
Jewelry,897,1,
Jewelry,961,1,
Jewelry,996,1,
Jewelry,1028,1,
Jewelry,1038,1,
Jewelry,1071,1,
Jewelry,1075,1,
Jewelry,1086,1,
Jewelry,1093,1,
Jewelry,1095,1,
Jewelry,1120,1,
Jewelry,1131,1,
Jewelry,1150,1,
Jewelry,1151,1,
Jewelry,1174,1,
Jewelry,1183,1,
Jewelry,1230,1,
Jewelry,1270,1,
Jewelry,1272,1,
Jewelry,1325,1,
Jewelry,1386,1,
Jewelry,1405,1,
Jewelry,1464,1,
Jewelry,1468,1,
Jewelry,1470,1,
Jewelry,1472,1,
Jewelry,1481,1,
Jewelry,1484,1,
Jewelry,1490,1,
Jewelry,1496,1,
Jewelry,1545,1,
Jewelry,1572,1,
Jewelry,1582,1,
Jewelry,1597,1,
Jewelry,1599,1,
Jewelry,1614,1,
Jewelry,1616,1,
Jewelry,1659,1,
Jewelry,1706,1,
Jewelry,1722,1,
Jewelry,1738,1,
Jewelry,1740,1,
Jewelry,1757,1,
Jewelry,1764,1,
Jewelry,1768,1,
Jewelry,1781,1,
Jewelry,1833,1,
Jewelry,1834,1,
Jewelry,1857,1,
Jewelry,1886,1,
Jewelry,1892,1,
Jewelry,1901,1,
Jewelry,1912,1,
Jewelry,1932,1,
Jewelry,1937,1,
Jewelry,1990,1,
Jewelry,2023,1,
Jewelry,2041,1,
Jewelry,2046,1,
Jewelry,2048,1,
Jewelry,2069,1,
Jewelry,2071,1,
Jewelry,2107,1,
Jewelry,2110,1,
Jewelry,2120,1,
Jewelry,2179,1,
Jewelry,2218,1,
Jewelry,2240,1,
Jewelry,2248,1,
Jewelry,2289,1,
Jewelry,2410,1,
Jewelry,2423,1,
Jewelry,2425,1,
Jewelry,2442,1,
Jewelry,2529,1,
Jewelry,2534,1,
Jewelry,2543,1,
Jewelry,2554,1,
Jewelry,2555,1,
Jewelry,2598,1,
Jewelry,2600,1,
Jewelry,2665,1,
Jewelry,2738,1,
Jewelry,2798,1,
Jewelry,2830,1,
Jewelry,2848,1,
Jewelry,2871,1,
Jewelry,2873,1,
Jewelry,2895,1,
Jewelry,2929,1,
Jewelry,2932,1,
Jewelry,2948,1,
Jewelry,2950,1,
Jewelry,2958,1,
Jewelry,2971,1,
Jewelry,2997,1,
Jewelry,3039,1,
Jewelry,3049,1,
Jewelry,3073,1,
Jewelry,3102,1,
Jewelry,3125,1,
Jewelry,3159,1,
Jewelry,3172,1,
Jewelry,3187,1,
Jewelry,3209,1,
Jewelry,3229,1,
Jewelry,3235,1,
Jewelry,3350,1,
Jewelry,3386,1,
Jewelry,3420,1,
Jewelry,3429,1,
Jewelry,3458,1,
Jewelry,3459,1,
Jewelry,3464,1,
Jewelry,3506,1,
Jewelry,3512,1,
Jewelry,3540,1,
Jewelry,3624,1,
Jewelry,3647,1,
Jewelry,3655,1,
Jewelry,3667,1,
Jewelry,3677,1,
Jewelry,3690,1,
Jewelry,3711,1,
Jewelry,3738,1,
Jewelry,3752,1,
Jewelry,3766,1,
Jewelry,3799,1,
Jewelry,3828,1,
Jewelry,3849,1,
Jewelry,3851,1,
Jewelry,3887,1,
Jewelry,3893,1,
Pants,20,1,
Pants,21,1,
Pants,22,1,
Pants,23,1,
Pants,24,1,
Pants,34,1,
Pants,40,1,
Pants,74,1,
Pants,83,1,
Pants,150,1,
Pants,182,1,
Pants,224,1,
Pants,240,1,
Pants,263,1,
Pants,265,1,
Pants,311,1,
Pants,313,1,
Pants,315,1,
Pants,326,1,
Pants,357,1,
Pants,361,1,
Pants,423,1,
Pants,427,1,
Pants,437,1,
Pants,453,1,
Pants,503,1,
Pants,527,1,
Pants,533,1,
Pants,569,1,
Pants,574,1,
Pants,625,1,
Pants,650,1,
Pants,665,1,
Pants,666,1,
Pants,677,1,
Pants,701,1,
Pants,706,1,
Pants,743,1,
Pants,789,1,
Pants,794,1,
Pants,803,1,
Pants,855,1,
Pants,907,1,
Pants,912,1,
Pants,989,1,
Pants,998,1,
Pants,1007,1,
Pants,1034,1,
Pants,1039,1,
Pants,1089,1,
Pants,1101,1,
Pants,1139,1,
Pants,1149,1,
Pants,1164,1,
Pants,1184,1,
Pants,1210,1,
Pants,1217,1,
Pants,1224,1,
Pants,1234,1,
Pants,1239,1,
Pants,1281,1,
Pants,1299,1,
Pants,1306,1,
Pants,1318,1,
Pants,1323,1,
Pants,1334,1,
Pants,1354,1,
Pants,1372,1,
Pants,1397,1,
Pants,1427,1,
Pants,1432,1,
Pants,1442,1,
Pants,1456,1,
Pants,1503,1,
Pants,1564,1,
Pants,1571,1,
Pants,1579,1,
Pants,1612,1,
Pants,1649,1,
Pants,1671,1,
Pants,1676,1,
Pants,1679,1,
Pants,1711,1,
Pants,1741,1,
Pants,1742,1,
Pants,1783,1,
Pants,1825,1,
Pants,1837,1,
Pants,1866,1,
Pants,1875,1,
Pants,1899,1,
Pants,1904,1,
Pants,1928,1,
Pants,1931,1,
Pants,1943,1,
Pants,1947,1,
Pants,1965,1,
Pants,1989,1,
Pants,1999,1,
Pants,2047,1,
Pants,2068,1,
Pants,2104,1,
Pants,2108,1,
Pants,2166,1,
Pants,2202,1,
Pants,2213,1,
Pants,2217,1,
Pants,2223,1,
Pants,2230,1,
Pants,2302,1,
Pants,2329,1,
Pants,2419,1,
Pants,2448,1,
Pants,2463,1,
Pants,2528,1,
Pants,2545,1,
Pants,2556,1,
Pants,2590,1,
Pants,2594,1,
Pants,2620,1,
Pants,2638,1,
Pants,2645,1,
Pants,2649,1,
Pants,2661,1,
Pants,2692,1,
Pants,2774,1,
Pants,2837,1,
Pants,2876,1,
Pants,2947,1,
Pants,2949,1,
Pants,2963,1,
Pants,2982,1,
Pants,2984,1,
Pants,3084,1,
Pants,3099,1,
Pants,3105,1,
Pants,3131,1,
Pants,3164,1,
Pants,3175,1,
Pants,3202,1,
Pants,3212,1,
Pants,3230,1,
Pants,3246,1,
Pants,3265,1,
Pants,3276,1,
Pants,3282,1,
Pants,3302,1,
Pants,3388,1,
Pants,3390,1,
Pants,3397,1,
Pants,3400,1,
Pants,3435,1,
Pants,3445,1,
Pants,3475,1,
Pants,3492,1,
Pants,3494,1,
Pants,3509,1,
Pants,3523,1,
Pants,3525,1,
Pants,3533,1,
Pants,3668,1,
Pants,3719,1,
Pants,3720,1,
Pants,3741,1,
Pants,3744,1,
Pants,3771,1,
Pants,3773,1,
Pants,3814,1,
Pants,3820,1,
Pants,3830,1,
Pants,3883,1,
Sandals,4,1,
Sandals,81,1,
Sandals,118,1,
Sandals,136,1,
Sandals,181,1,
Sandals,210,1,
Sandals,230,1,
Sandals,246,1,
Sandals,281,1,
Sandals,297,1,
Sandals,304,1,
Sandals,344,1,
Sandals,348,1,
Sandals,418,1,
Sandals,430,1,
Sandals,487,1,
Sandals,524,1,
Sandals,532,1,
Sandals,534,1,
Sandals,545,1,
Sandals,579,1,
Sandals,580,1,
Sandals,616,1,
Sandals,628,1,
Sandals,634,1,
Sandals,639,1,
Sandals,680,1,
Sandals,684,1,
Sandals,747,1,
Sandals,796,1,
Sandals,845,1,
Sandals,849,1,
Sandals,852,1,
Sandals,876,1,
Sandals,882,1,
Sandals,965,1,
Sandals,994,1,
Sandals,997,1,
Sandals,1013,1,
Sandals,1032,1,
Sandals,1126,1,
Sandals,1163,1,
Sandals,1200,1,
Sandals,1227,1,
Sandals,1253,1,
Sandals,1254,1,
Sandals,1273,1,
Sandals,1292,1,
Sandals,1298,1,
Sandals,1377,1,
Sandals,1402,1,
Sandals,1424,1,
Sandals,1431,1,
Sandals,1441,1,
Sandals,1444,1,
Sandals,1471,1,
Sandals,1536,1,
Sandals,1609,1,
Sandals,1619,1,
Sandals,1743,1,
Sandals,1763,1,
Sandals,1769,1,
Sandals,1841,1,
Sandals,1846,1,
Sandals,1848,1,
Sandals,1864,1,
Sandals,1897,1,
Sandals,1903,1,
Sandals,1911,1,
Sandals,1924,1,
Sandals,1934,1,
Sandals,1978,1,
Sandals,1981,1,
Sandals,2006,1,
Sandals,2012,1,
Sandals,2089,1,
Sandals,2093,1,
Sandals,2135,1,
Sandals,2144,1,
Sandals,2150,1,
Sandals,2165,1,
Sandals,2187,1,
Sandals,2207,1,
Sandals,2210,1,
Sandals,2216,1,
Sandals,2224,1,
Sandals,2238,1,
Sandals,2241,1,
Sandals,2320,1,
Sandals,2322,1,
Sandals,2345,1,
Sandals,2382,1,
Sandals,2395,1,
Sandals,2417,1,
Sandals,2466,1,
Sandals,2470,1,
Sandals,2472,1,
Sandals,2532,1,
Sandals,2540,1,
Sandals,2617,1,
Sandals,2635,1,
Sandals,2667,1,
Sandals,2672,1,
Sandals,2722,1,
Sandals,2751,1,
Sandals,2782,1,
Sandals,2855,1,
Sandals,2888,1,
Sandals,2905,1,
Sandals,3001,1,
Sandals,3023,1,
Sandals,3056,1,
Sandals,3090,1,
Sandals,3095,1,
Sandals,3107,1,
Sandals,3120,1,
Sandals,3130,1,
Sandals,3177,1,
Sandals,3179,1,
Sandals,3241,1,
Sandals,3253,1,
Sandals,3326,1,
Sandals,3329,1,
Sandals,3369,1,
Sandals,3374,1,
Sandals,3395,1,
Sandals,3411,1,
Sandals,3413,1,
Sandals,3417,1,
Sandals,3448,1,
Sandals,3472,1,
Sandals,3481,1,
Sandals,3488,1,
Sandals,3499,1,
Sandals,3546,1,
Sandals,3569,1,
Sandals,3570,1,
Sandals,3594,1,
Sandals,3607,1,
Sandals,3613,1,
Sandals,3621,1,
Sandals,3636,1,
Sandals,3637,1,
Sandals,3660,1,
Sandals,3662,1,
Sandals,3673,1,
Sandals,3687,1,
Sandals,3692,1,
Sandals,3702,1,
Sandals,3704,1,
Sandals,3707,1,
Sandals,3724,1,
Sandals,3736,1,
Sandals,3759,1,
Sandals,3836,1,
Sandals,3840,1,
Sandals,3857,1,
Sandals,3871,1,
Sandals,3874,1,
Sandals,3885,1,
Scarf,42,1,
Scarf,44,1,
Scarf,62,1,
Scarf,76,1,
Scarf,92,1,
Scarf,129,1,
Scarf,131,1,
Scarf,198,1,
Scarf,204,1,
Scarf,216,1,
Scarf,231,1,
Scarf,256,1,
Scarf,288,1,
Scarf,327,1,
Scarf,371,1,
Scarf,378,1,
Scarf,395,1,
Scarf,400,1,
Scarf,424,1,
Scarf,472,1,
Scarf,477,1,
Scarf,507,1,
Scarf,514,1,
Scarf,560,1,
Scarf,573,1,
Scarf,607,1,
Scarf,612,1,
Scarf,654,1,
Scarf,689,1,
Scarf,698,1,
Scarf,711,1,
Scarf,750,1,
Scarf,753,1,
Scarf,782,1,
Scarf,792,1,
Scarf,811,1,
Scarf,889,1,
Scarf,902,1,
Scarf,958,1,
Scarf,987,1,
Scarf,1009,1,
Scarf,1021,1,
Scarf,1059,1,
Scarf,1074,1,
Scarf,1081,1,
Scarf,1091,1,
Scarf,1127,1,
Scarf,1161,1,
Scarf,1169,1,
Scarf,1196,1,
Scarf,1203,1,
Scarf,1241,1,
Scarf,1359,1,
Scarf,1371,1,
Scarf,1384,1,
Scarf,1390,1,
Scarf,1396,1,
Scarf,1436,1,
Scarf,1560,1,
Scarf,1562,1,
Scarf,1563,1,
Scarf,1584,1,
Scarf,1622,1,
Scarf,1641,1,
Scarf,1644,1,
Scarf,1646,1,
Scarf,1651,1,
Scarf,1724,1,
Scarf,1780,1,
Scarf,1836,1,
Scarf,1847,1,
Scarf,1859,1,
Scarf,1883,1,
Scarf,1909,1,
Scarf,1984,1,
Scarf,2007,1,
Scarf,2027,1,
Scarf,2030,1,
Scarf,2075,1,
Scarf,2078,1,
Scarf,2084,1,
Scarf,2116,1,
Scarf,2121,1,
Scarf,2155,1,
Scarf,2193,1,
Scarf,2199,1,
Scarf,2200,1,
Scarf,2209,1,
Scarf,2228,1,
Scarf,2261,1,
Scarf,2264,1,
Scarf,2332,1,
Scarf,2333,1,
Scarf,2360,1,
Scarf,2362,1,
Scarf,2379,1,
Scarf,2381,1,
Scarf,2386,1,
Scarf,2403,1,
Scarf,2407,1,
Scarf,2445,1,
Scarf,2446,1,
Scarf,2462,1,
Scarf,2497,1,
Scarf,2539,1,
Scarf,2542,1,
Scarf,2544,1,
Scarf,2565,1,
Scarf,2588,1,
Scarf,2630,1,
Scarf,2633,1,
Scarf,2646,1,
Scarf,2704,1,
Scarf,2721,1,
Scarf,2777,1,
Scarf,2796,1,
Scarf,2829,1,
Scarf,2833,1,
Scarf,2840,1,
Scarf,2904,1,
Scarf,2952,1,
Scarf,2966,1,
Scarf,2976,1,
Scarf,3016,1,
Scarf,3085,1,
Scarf,3116,1,
Scarf,3203,1,
Scarf,3228,1,
Scarf,3261,1,
Scarf,3277,1,
Scarf,3285,1,
Scarf,3308,1,
Scarf,3316,1,
Scarf,3365,1,
Scarf,3393,1,
Scarf,3425,1,
Scarf,3461,1,
Scarf,3468,1,
Scarf,3495,1,
Scarf,3529,1,
Scarf,3547,1,
Scarf,3548,1,
Scarf,3568,1,
Scarf,3580,1,
Scarf,3595,1,
Scarf,3600,1,
Scarf,3620,1,
Scarf,3626,1,
Scarf,3644,1,
Scarf,3793,1,
Scarf,3795,1,
Scarf,3803,1,
Scarf,3806,1,
Scarf,3818,1,
Scarf,3852,1,
Scarf,3864,1,
Scarf,3882,1,
Shirt,7,1,
Shirt,47,1,
Shirt,49,1,
Shirt,141,1,
Shirt,153,1,
Shirt,159,1,
Shirt,171,1,
Shirt,206,1,
Shirt,278,1,
Shirt,325,1,
Shirt,332,1,
Shirt,333,1,
Shirt,422,1,
Shirt,431,1,
Shirt,433,1,
Shirt,441,1,
Shirt,447,1,
Shirt,493,1,
Shirt,511,1,
Shirt,512,1,
Shirt,525,1,
Shirt,558,1,
Shirt,590,1,
Shirt,662,1,
Shirt,674,1,
Shirt,682,1,
Shirt,703,1,
Shirt,708,1,
Shirt,719,1,
Shirt,733,1,
Shirt,735,1,
Shirt,777,1,
Shirt,815,1,
Shirt,819,1,
Shirt,823,1,
Shirt,840,1,
Shirt,841,1,
Shirt,843,1,
Shirt,857,1,
Shirt,898,1,
Shirt,920,1,
Shirt,924,1,
Shirt,957,1,
Shirt,1020,1,
Shirt,1026,1,
Shirt,1042,1,
Shirt,1069,1,
Shirt,1128,1,
Shirt,1132,1,
Shirt,1138,1,
Shirt,1154,1,
Shirt,1190,1,
Shirt,1191,1,
Shirt,1261,1,
Shirt,1262,1,
Shirt,1266,1,
Shirt,1283,1,
Shirt,1284,1,
Shirt,1295,1,
Shirt,1302,1,
Shirt,1369,1,
Shirt,1407,1,
Shirt,1419,1,
Shirt,1458,1,
Shirt,1492,1,
Shirt,1507,1,
Shirt,1576,1,
Shirt,1600,1,
Shirt,1602,1,
Shirt,1610,1,
Shirt,1664,1,
Shirt,1685,1,
Shirt,1690,1,
Shirt,1695,1,
Shirt,1698,1,
Shirt,1731,1,
Shirt,1772,1,
Shirt,1821,1,
Shirt,1823,1,
Shirt,1840,1,
Shirt,1856,1,
Shirt,1922,1,
Shirt,1948,1,
Shirt,1969,1,
Shirt,2003,1,
Shirt,2008,1,
Shirt,2020,1,
Shirt,2026,1,
Shirt,2059,1,
Shirt,2102,1,
Shirt,2115,1,
Shirt,2151,1,
Shirt,2154,1,
Shirt,2160,1,
Shirt,2194,1,
Shirt,2227,1,
Shirt,2244,1,
Shirt,2334,1,
Shirt,2340,1,
Shirt,2358,1,
Shirt,2391,1,
Shirt,2392,1,
Shirt,2397,1,
Shirt,2447,1,
Shirt,2453,1,
Shirt,2473,1,
Shirt,2518,1,
Shirt,2597,1,
Shirt,2628,1,
Shirt,2639,1,
Shirt,2710,1,
Shirt,2728,1,
Shirt,2740,1,
Shirt,2745,1,
Shirt,2770,1,
Shirt,2801,1,
Shirt,2802,1,
Shirt,2814,1,
Shirt,2820,1,
Shirt,2861,1,
Shirt,2875,1,
Shirt,2916,1,
Shirt,2918,1,
Shirt,2924,1,
Shirt,2925,1,
Shirt,2928,1,
Shirt,2944,1,
Shirt,2991,1,
Shirt,3027,1,
Shirt,3074,1,
Shirt,3088,1,
Shirt,3091,1,
Shirt,3097,1,
Shirt,3100,1,
Shirt,3104,1,
Shirt,3114,1,
Shirt,3121,1,
Shirt,3147,1,
Shirt,3157,1,
Shirt,3167,1,
Shirt,3224,1,
Shirt,3258,1,
Shirt,3335,1,
Shirt,3352,1,
Shirt,3378,1,
Shirt,3410,1,
Shirt,3439,1,
Shirt,3454,1,
Shirt,3486,1,
Shirt,3501,1,
Shirt,3504,1,
Shirt,3507,1,
Shirt,3513,1,
Shirt,3519,1,
Shirt,3679,1,
Shirt,3683,1,
Shirt,3688,1,
Shirt,3717,1,
Shirt,3731,1,
Shirt,3742,1,
Shirt,3743,1,
Shirt,3764,1,
Shirt,3790,1,
Shirt,3824,1,
Shirt,3856,1,
Shirt,3863,1,
Shirt,3881,1,
Shirt,3888,1,
Shirt,3891,1,
Shoes,11,1,
Shoes,82,1,
Shoes,88,1,
Shoes,98,1,
Shoes,117,1,
Shoes,145,1,
Shoes,148,1,
Shoes,169,1,
Shoes,175,1,
Shoes,188,1,
Shoes,193,1,
Shoes,227,1,
Shoes,269,1,
Shoes,293,1,
Shoes,298,1,
Shoes,346,1,
Shoes,365,1,
Shoes,377,1,
Shoes,394,1,
Shoes,435,1,
Shoes,461,1,
Shoes,486,1,
Shoes,500,1,
Shoes,504,1,
Shoes,505,1,
Shoes,564,1,
Shoes,596,1,
Shoes,597,1,
Shoes,603,1,
Shoes,624,1,
Shoes,630,1,
Shoes,759,1,
Shoes,781,1,
Shoes,809,1,
Shoes,828,1,
Shoes,851,1,
Shoes,861,1,
Shoes,937,1,
Shoes,985,1,
Shoes,990,1,
Shoes,995,1,
Shoes,999,1,
Shoes,1003,1,
Shoes,1015,1,
Shoes,1053,1,
Shoes,1112,1,
Shoes,1134,1,
Shoes,1157,1,
Shoes,1202,1,
Shoes,1213,1,
Shoes,1312,1,
Shoes,1314,1,
Shoes,1327,1,
Shoes,1370,1,
Shoes,1382,1,
Shoes,1460,1,
Shoes,1515,1,
Shoes,1534,1,
Shoes,1538,1,
Shoes,1593,1,
Shoes,1631,1,
Shoes,1681,1,
Shoes,1692,1,
Shoes,1725,1,
Shoes,1773,1,
Shoes,1816,1,
Shoes,1942,1,
Shoes,1953,1,
Shoes,1960,1,
Shoes,1982,1,
Shoes,2005,1,
Shoes,2017,1,
Shoes,2028,1,
Shoes,2029,1,
Shoes,2043,1,
Shoes,2065,1,
Shoes,2105,1,
Shoes,2127,1,
Shoes,2145,1,
Shoes,2164,1,
Shoes,2185,1,
Shoes,2233,1,
Shoes,2251,1,
Shoes,2252,1,
Shoes,2253,1,
Shoes,2281,1,
Shoes,2321,1,
Shoes,2349,1,
Shoes,2351,1,
Shoes,2367,1,
Shoes,2371,1,
Shoes,2411,1,
Shoes,2426,1,
Shoes,2495,1,
Shoes,2508,1,
Shoes,2546,1,
Shoes,2552,1,
Shoes,2607,1,
Shoes,2608,1,
Shoes,2622,1,
Shoes,2624,1,
Shoes,2648,1,
Shoes,2682,1,
Shoes,2703,1,
Shoes,2707,1,
Shoes,2717,1,
Shoes,2724,1,
Shoes,2743,1,
Shoes,2760,1,
Shoes,2822,1,
Shoes,2838,1,
Shoes,2913,1,
Shoes,2920,1,
Shoes,3009,1,
Shoes,3026,1,
Shoes,3047,1,
Shoes,3053,1,
Shoes,3054,1,
Shoes,3071,1,
Shoes,3098,1,
Shoes,3136,1,
Shoes,3163,1,
Shoes,3210,1,
Shoes,3232,1,
Shoes,3259,1,
Shoes,3273,1,
Shoes,3348,1,
Shoes,3362,1,
Shoes,3412,1,
Shoes,3422,1,
Shoes,3462,1,
Shoes,3497,1,
Shoes,3502,1,
Shoes,3522,1,
Shoes,3532,1,
Shoes,3535,1,
Shoes,3539,1,
Shoes,3551,1,
Shoes,3554,1,
Shoes,3579,1,
Shoes,3658,1,
Shoes,3661,1,
Shoes,3671,1,
Shoes,3703,1,
Shoes,3714,1,
Shoes,3733,1,
Shoes,3755,1,
Shoes,3810,1,
Shoes,3877,1,
Shoes,3899,1,
Shorts,8,1,
Shorts,12,1,
Shorts,28,1,
Shorts,122,1,
Shorts,126,1,
Shorts,127,1,
Shorts,157,1,
Shorts,172,1,
Shorts,217,1,
Shorts,253,1,
Shorts,264,1,
Shorts,320,1,
Shorts,340,1,
Shorts,341,1,
Shorts,364,1,
Shorts,386,1,
Shorts,410,1,
Shorts,420,1,
Shorts,448,1,
Shorts,459,1,
Shorts,470,1,
Shorts,508,1,
Shorts,522,1,
Shorts,530,1,
Shorts,584,1,
Shorts,611,1,
Shorts,660,1,
Shorts,691,1,
Shorts,694,1,
Shorts,696,1,
Shorts,720,1,
Shorts,727,1,
Shorts,740,1,
Shorts,748,1,
Shorts,786,1,
Shorts,804,1,
Shorts,831,1,
Shorts,858,1,
Shorts,887,1,
Shorts,893,1,
Shorts,919,1,
Shorts,938,1,
Shorts,969,1,
Shorts,992,1,
Shorts,1055,1,
Shorts,1073,1,
Shorts,1109,1,
Shorts,1162,1,
Shorts,1182,1,
Shorts,1225,1,
Shorts,1252,1,
Shorts,1279,1,
Shorts,1316,1,
Shorts,1319,1,
Shorts,1324,1,
Shorts,1356,1,
Shorts,1413,1,
Shorts,1418,1,
Shorts,1467,1,
Shorts,1474,1,
Shorts,1485,1,
Shorts,1523,1,
Shorts,1541,1,
Shorts,1555,1,
Shorts,1556,1,
Shorts,1604,1,
Shorts,1608,1,
Shorts,1623,1,
Shorts,1708,1,
Shorts,1721,1,
Shorts,1730,1,
Shorts,1737,1,
Shorts,1803,1,
Shorts,1814,1,
Shorts,1822,1,
Shorts,1845,1,
Shorts,1885,1,
Shorts,1900,1,
Shorts,1915,1,
Shorts,1959,1,
Shorts,1964,1,
Shorts,2035,1,
Shorts,2060,1,
Shorts,2064,1,
Shorts,2132,1,
Shorts,2153,1,
Shorts,2163,1,
Shorts,2172,1,
Shorts,2184,1,
Shorts,2186,1,
Shorts,2222,1,
Shorts,2245,1,
Shorts,2276,1,
Shorts,2290,1,
Shorts,2404,1,
Shorts,2405,1,
Shorts,2408,1,
Shorts,2414,1,
Shorts,2467,1,
Shorts,2468,1,
Shorts,2502,1,
Shorts,2505,1,
Shorts,2517,1,
Shorts,2527,1,
Shorts,2558,1,
Shorts,2563,1,
Shorts,2576,1,
Shorts,2593,1,
Shorts,2618,1,
Shorts,2653,1,
Shorts,2657,1,
Shorts,2676,1,
Shorts,2678,1,
Shorts,2680,1,
Shorts,2719,1,
Shorts,2793,1,
Shorts,2810,1,
Shorts,2819,1,
Shorts,2860,1,
Shorts,2872,1,
Shorts,2917,1,
Shorts,2978,1,
Shorts,2979,1,
Shorts,3006,1,
Shorts,3076,1,
Shorts,3119,1,
Shorts,3149,1,
Shorts,3180,1,
Shorts,3256,1,
Shorts,3264,1,
Shorts,3300,1,
Shorts,3320,1,
Shorts,3328,1,
Shorts,3344,1,
Shorts,3379,1,
Shorts,3451,1,
Shorts,3487,1,
Shorts,3496,1,
Shorts,3520,1,
Shorts,3536,1,
Shorts,3541,1,
Shorts,3560,1,
Shorts,3573,1,
Shorts,3583,1,
Shorts,3648,1,
Shorts,3663,1,
Shorts,3686,1,
Shorts,3739,1,
Shorts,3763,1,
Shorts,3768,1,
Shorts,3778,1,
Shorts,3797,1,
Shorts,3825,1,
Shorts,3826,1,
Shorts,3845,1,
Shorts,3860,1,
Shorts,3866,1,
Skirt,16,1,
Skirt,52,1,
Skirt,54,1,
Skirt,79,1,
Skirt,95,1,
Skirt,116,1,
Skirt,132,1,
Skirt,139,1,
Skirt,147,1,
Skirt,164,1,
Skirt,179,1,
Skirt,184,1,
Skirt,209,1,
Skirt,212,1,
Skirt,239,1,
Skirt,251,1,
Skirt,277,1,
Skirt,283,1,
Skirt,285,1,
Skirt,295,1,
Skirt,302,1,
Skirt,345,1,
Skirt,352,1,
Skirt,434,1,
Skirt,466,1,
Skirt,515,1,
Skirt,544,1,
Skirt,570,1,
Skirt,578,1,
Skirt,641,1,
Skirt,643,1,
Skirt,765,1,
Skirt,862,1,
Skirt,880,1,
Skirt,885,1,
Skirt,892,1,
Skirt,933,1,
Skirt,960,1,
Skirt,975,1,
Skirt,1070,1,
Skirt,1107,1,
Skirt,1115,1,
Skirt,1136,1,
Skirt,1171,1,
Skirt,1178,1,
Skirt,1181,1,
Skirt,1260,1,
Skirt,1291,1,
Skirt,1361,1,
Skirt,1412,1,
Skirt,1430,1,
Skirt,1482,1,
Skirt,1488,1,
Skirt,1570,1,
Skirt,1573,1,
Skirt,1575,1,
Skirt,1592,1,
Skirt,1613,1,
Skirt,1626,1,
Skirt,1658,1,
Skirt,1667,1,
Skirt,1688,1,
Skirt,1710,1,
Skirt,1744,1,
Skirt,1746,1,
Skirt,1749,1,
Skirt,1754,1,
Skirt,1761,1,
Skirt,1797,1,
Skirt,1835,1,
Skirt,1850,1,
Skirt,1852,1,
Skirt,1868,1,
Skirt,1877,1,
Skirt,1890,1,
Skirt,1908,1,
Skirt,1914,1,
Skirt,1918,1,
Skirt,1919,1,
Skirt,1954,1,
Skirt,1974,1,
Skirt,1985,1,
Skirt,2009,1,
Skirt,2015,1,
Skirt,2125,1,
Skirt,2130,1,
Skirt,2133,1,
Skirt,2146,1,
Skirt,2148,1,
Skirt,2157,1,
Skirt,2168,1,
Skirt,2173,1,
Skirt,2243,1,
Skirt,2258,1,
Skirt,2270,1,
Skirt,2308,1,
Skirt,2327,1,
Skirt,2328,1,
Skirt,2343,1,
Skirt,2356,1,
Skirt,2469,1,
Skirt,2484,1,
Skirt,2503,1,
Skirt,2531,1,
Skirt,2595,1,
Skirt,2626,1,
Skirt,2631,1,
Skirt,2632,1,
Skirt,2641,1,
Skirt,2663,1,
Skirt,2729,1,
Skirt,2736,1,
Skirt,2761,1,
Skirt,2784,1,
Skirt,2785,1,
Skirt,2809,1,
Skirt,2817,1,
Skirt,2823,1,
Skirt,2831,1,
Skirt,2866,1,
Skirt,2881,1,
Skirt,2937,1,
Skirt,2942,1,
Skirt,2959,1,
Skirt,2988,1,
Skirt,3005,1,
Skirt,3014,1,
Skirt,3067,1,
Skirt,3106,1,
Skirt,3137,1,
Skirt,3174,1,
Skirt,3186,1,
Skirt,3215,1,
Skirt,3219,1,
Skirt,3278,1,
Skirt,3288,1,
Skirt,3339,1,
Skirt,3355,1,
Skirt,3366,1,
Skirt,3430,1,
Skirt,3443,1,
Skirt,3518,1,
Skirt,3572,1,
Skirt,3603,1,
Skirt,3649,1,
Skirt,3650,1,
Skirt,3685,1,
Skirt,3696,1,
Skirt,3699,1,
Skirt,3706,1,
Skirt,3756,1,
Skirt,3757,1,
Skirt,3758,1,
Skirt,3811,1,
Skirt,3813,1,
Skirt,3837,1,
Skirt,3880,1,
Skirt,3895,1,
Sneakers,6,1,
Sneakers,63,1,
Sneakers,96,1,
Sneakers,108,1,
Sneakers,138,1,
Sneakers,167,1,
Sneakers,185,1,
Sneakers,205,1,
Sneakers,221,1,
Sneakers,280,1,
Sneakers,300,1,
Sneakers,322,1,
Sneakers,354,1,
Sneakers,360,1,
Sneakers,363,1,
Sneakers,372,1,
Sneakers,396,1,
Sneakers,404,1,
Sneakers,409,1,
Sneakers,476,1,
Sneakers,491,1,
Sneakers,498,1,
Sneakers,529,1,
Sneakers,555,1,
Sneakers,559,1,
Sneakers,567,1,
Sneakers,575,1,
Sneakers,635,1,
Sneakers,681,1,
Sneakers,766,1,
Sneakers,771,1,
Sneakers,793,1,
Sneakers,812,1,
Sneakers,821,1,
Sneakers,864,1,
Sneakers,884,1,
Sneakers,914,1,
Sneakers,923,1,
Sneakers,928,1,
Sneakers,934,1,
Sneakers,959,1,
Sneakers,973,1,
Sneakers,1047,1,
Sneakers,1051,1,
Sneakers,1094,1,
Sneakers,1108,1,
Sneakers,1121,1,
Sneakers,1146,1,
Sneakers,1147,1,
Sneakers,1198,1,
Sneakers,1204,1,
Sneakers,1255,1,
Sneakers,1296,1,
Sneakers,1303,1,
Sneakers,1337,1,
Sneakers,1344,1,
Sneakers,1376,1,
Sneakers,1381,1,
Sneakers,1385,1,
Sneakers,1437,1,
Sneakers,1455,1,
Sneakers,1463,1,
Sneakers,1487,1,
Sneakers,1491,1,
Sneakers,1513,1,
Sneakers,1547,1,
Sneakers,1550,1,
Sneakers,1567,1,
Sneakers,1569,1,
Sneakers,1581,1,
Sneakers,1590,1,
Sneakers,1627,1,
Sneakers,1682,1,
Sneakers,1705,1,
Sneakers,1778,1,
Sneakers,1793,1,
Sneakers,1804,1,
Sneakers,1808,1,
Sneakers,1862,1,
Sneakers,1926,1,
Sneakers,1992,1,
Sneakers,1997,1,
Sneakers,2004,1,
Sneakers,2049,1,
Sneakers,2066,1,
Sneakers,2067,1,
Sneakers,2098,1,
Sneakers,2231,1,
Sneakers,2239,1,
Sneakers,2280,1,
Sneakers,2283,1,
Sneakers,2312,1,
Sneakers,2317,1,
Sneakers,2339,1,
Sneakers,2366,1,
Sneakers,2409,1,
Sneakers,2422,1,
Sneakers,2430,1,
Sneakers,2436,1,
Sneakers,2438,1,
Sneakers,2509,1,
Sneakers,2571,1,
Sneakers,2652,1,
Sneakers,2664,1,
Sneakers,2683,1,
Sneakers,2693,1,
Sneakers,2716,1,
Sneakers,2725,1,
Sneakers,2739,1,
Sneakers,2762,1,
Sneakers,2868,1,
Sneakers,2899,1,
Sneakers,2936,1,
Sneakers,2945,1,
Sneakers,2968,1,
Sneakers,2975,1,
Sneakers,3031,1,
Sneakers,3048,1,
Sneakers,3082,1,
Sneakers,3143,1,
Sneakers,3184,1,
Sneakers,3195,1,
Sneakers,3213,1,
Sneakers,3227,1,
Sneakers,3231,1,
Sneakers,3239,1,
Sneakers,3247,1,
Sneakers,3313,1,
Sneakers,3331,1,
Sneakers,3476,1,
Sneakers,3511,1,
Sneakers,3515,1,
Sneakers,3534,1,
Sneakers,3562,1,
Sneakers,3563,1,
Sneakers,3585,1,
Sneakers,3622,1,
Sneakers,3633,1,
Sneakers,3760,1,
Sneakers,3777,1,
Sneakers,3779,1,
Sneakers,3781,1,
Sneakers,3819,1,
Sneakers,3822,1,
Sneakers,3889,1,
Socks,46,1,
Socks,103,1,
Socks,109,1,
Socks,156,1,
Socks,225,1,
Socks,229,1,
Socks,330,1,
Socks,367,1,
Socks,421,1,
Socks,490,1,
Socks,539,1,
Socks,585,1,
Socks,586,1,
Socks,588,1,
Socks,623,1,
Socks,673,1,
Socks,678,1,
Socks,718,1,
Socks,770,1,
Socks,778,1,
Socks,779,1,
Socks,797,1,
Socks,799,1,
Socks,801,1,
Socks,829,1,
Socks,830,1,
Socks,856,1,
Socks,925,1,
Socks,1000,1,
Socks,1001,1,
Socks,1035,1,
Socks,1048,1,
Socks,1049,1,
Socks,1052,1,
Socks,1168,1,
Socks,1172,1,
Socks,1199,1,
Socks,1222,1,
Socks,1232,1,
Socks,1243,1,
Socks,1245,1,
Socks,1332,1,
Socks,1350,1,
Socks,1406,1,
Socks,1415,1,
Socks,1450,1,
Socks,1514,1,
Socks,1524,1,
Socks,1525,1,
Socks,1588,1,
Socks,1611,1,
Socks,1634,1,
Socks,1683,1,
Socks,1770,1,
Socks,1820,1,
Socks,1824,1,
Socks,1842,1,
Socks,1879,1,
Socks,1902,1,
Socks,1938,1,
Socks,1944,1,
Socks,1957,1,
Socks,2000,1,
Socks,2018,1,
Socks,2024,1,
Socks,2025,1,
Socks,2032,1,
Socks,2058,1,
Socks,2091,1,
Socks,2095,1,
Socks,2111,1,
Socks,2119,1,
Socks,2138,1,
Socks,2180,1,
Socks,2195,1,
Socks,2236,1,
Socks,2246,1,
Socks,2287,1,
Socks,2298,1,
Socks,2316,1,
Socks,2344,1,
Socks,2364,1,
Socks,2368,1,
Socks,2372,1,
Socks,2387,1,
Socks,2394,1,
Socks,2415,1,
Socks,2441,1,
Socks,2452,1,
Socks,2460,1,
Socks,2474,1,
Socks,2479,1,
Socks,2481,1,
Socks,2494,1,
Socks,2510,1,
Socks,2513,1,
Socks,2533,1,
Socks,2566,1,
Socks,2578,1,
Socks,2585,1,
Socks,2651,1,
Socks,2681,1,
Socks,2687,1,
Socks,2733,1,
Socks,2776,1,
Socks,2791,1,
Socks,2847,1,
Socks,2870,1,
Socks,2878,1,
Socks,2884,1,
Socks,2912,1,
Socks,2930,1,
Socks,2943,1,
Socks,2989,1,
Socks,2993,1,
Socks,3046,1,
Socks,3094,1,
Socks,3109,1,
Socks,3123,1,
Socks,3154,1,
Socks,3173,1,
Socks,3176,1,
Socks,3201,1,
Socks,3208,1,
Socks,3211,1,
Socks,3243,1,
Socks,3271,1,
Socks,3272,1,
Socks,3315,1,
Socks,3317,1,
Socks,3373,1,
Socks,3391,1,
Socks,3409,1,
Socks,3427,1,
Socks,3431,1,
Socks,3434,1,
Socks,3436,1,
Socks,3467,1,
Socks,3470,1,
Socks,3482,1,
Socks,3500,1,
Socks,3545,1,
Socks,3561,1,
Socks,3575,1,
Socks,3610,1,
Socks,3635,1,
Socks,3666,1,
Socks,3670,1,
Socks,3674,1,
Socks,3684,1,
Socks,3710,1,
Socks,3728,1,
Socks,3734,1,
Socks,3746,1,
Socks,3761,1,
Socks,3765,1,
Socks,3785,1,
Socks,3809,1,
Socks,3886,1,
Sunglasses,17,1,
Sunglasses,64,1,
Sunglasses,86,1,
Sunglasses,101,1,
Sunglasses,105,1,
Sunglasses,152,1,
Sunglasses,163,1,
Sunglasses,218,1,
Sunglasses,236,1,
Sunglasses,247,1,
Sunglasses,255,1,
Sunglasses,272,1,
Sunglasses,296,1,
Sunglasses,376,1,
Sunglasses,384,1,
Sunglasses,443,1,
Sunglasses,444,1,
Sunglasses,465,1,
Sunglasses,521,1,
Sunglasses,554,1,
Sunglasses,605,1,
Sunglasses,622,1,
Sunglasses,627,1,
Sunglasses,653,1,
Sunglasses,668,1,
Sunglasses,676,1,
Sunglasses,693,1,
Sunglasses,730,1,
Sunglasses,736,1,
Sunglasses,738,1,
Sunglasses,739,1,
Sunglasses,744,1,
Sunglasses,820,1,
Sunglasses,824,1,
Sunglasses,867,1,
Sunglasses,879,1,
Sunglasses,909,1,
Sunglasses,954,1,
Sunglasses,963,1,
Sunglasses,972,1,
Sunglasses,991,1,
Sunglasses,1024,1,
Sunglasses,1050,1,
Sunglasses,1076,1,
Sunglasses,1087,1,
Sunglasses,1098,1,
Sunglasses,1114,1,
Sunglasses,1118,1,
Sunglasses,1211,1,
Sunglasses,1320,1,
Sunglasses,1343,1,
Sunglasses,1351,1,
Sunglasses,1378,1,
Sunglasses,1398,1,
Sunglasses,1403,1,
Sunglasses,1462,1,
Sunglasses,1520,1,
Sunglasses,1537,1,
Sunglasses,1551,1,
Sunglasses,1559,1,
Sunglasses,1566,1,
Sunglasses,1603,1,
Sunglasses,1628,1,
Sunglasses,1636,1,
Sunglasses,1663,1,
Sunglasses,1677,1,
Sunglasses,1697,1,
Sunglasses,1707,1,
Sunglasses,1726,1,
Sunglasses,1745,1,
Sunglasses,1751,1,
Sunglasses,1819,1,
Sunglasses,1831,1,
Sunglasses,1891,1,
Sunglasses,1898,1,
Sunglasses,1929,1,
Sunglasses,1979,1,
Sunglasses,1983,1,
Sunglasses,1995,1,
Sunglasses,2002,1,
Sunglasses,2031,1,
Sunglasses,2054,1,
Sunglasses,2081,1,
Sunglasses,2112,1,
Sunglasses,2136,1,
Sunglasses,2137,1,
Sunglasses,2147,1,
Sunglasses,2211,1,
Sunglasses,2219,1,
Sunglasses,2295,1,
Sunglasses,2304,1,
Sunglasses,2309,1,
Sunglasses,2365,1,
Sunglasses,2369,1,
Sunglasses,2398,1,
Sunglasses,2401,1,
Sunglasses,2493,1,
Sunglasses,2535,1,
Sunglasses,2568,1,
Sunglasses,2572,1,
Sunglasses,2579,1,
Sunglasses,2586,1,
Sunglasses,2613,1,
Sunglasses,2634,1,
Sunglasses,2642,1,
Sunglasses,2656,1,
Sunglasses,2671,1,
Sunglasses,2695,1,
Sunglasses,2712,1,
Sunglasses,2718,1,
Sunglasses,2741,1,
Sunglasses,2755,1,
Sunglasses,2780,1,
Sunglasses,2806,1,
Sunglasses,2890,1,
Sunglasses,2906,1,
Sunglasses,2908,1,
Sunglasses,2919,1,
Sunglasses,2921,1,
Sunglasses,2923,1,
Sunglasses,2939,1,
Sunglasses,3000,1,
Sunglasses,3008,1,
Sunglasses,3018,1,
Sunglasses,3022,1,
Sunglasses,3052,1,
Sunglasses,3064,1,
Sunglasses,3093,1,
Sunglasses,3127,1,
Sunglasses,3140,1,
Sunglasses,3142,1,
Sunglasses,3171,1,
Sunglasses,3183,1,
Sunglasses,3196,1,
Sunglasses,3214,1,
Sunglasses,3218,1,
Sunglasses,3223,1,
Sunglasses,3240,1,
Sunglasses,3257,1,
Sunglasses,3266,1,
Sunglasses,3332,1,
Sunglasses,3360,1,
Sunglasses,3401,1,
Sunglasses,3469,1,
Sunglasses,3526,1,
Sunglasses,3531,1,
Sunglasses,3553,1,
Sunglasses,3589,1,
Sunglasses,3598,1,
Sunglasses,3641,1,
Sunglasses,3681,1,
Sunglasses,3689,1,
Sunglasses,3705,1,
Sunglasses,3716,1,
Sunglasses,3740,1,
Sunglasses,3754,1,
Sunglasses,3792,1,
Sunglasses,3794,1,
Sunglasses,3798,1,
Sunglasses,3854,1,
Sunglasses,3861,1,
Sweater,2,1,
Sweater,19,1,
Sweater,61,1,
Sweater,94,1,
Sweater,119,1,
Sweater,124,1,
Sweater,125,1,
Sweater,128,1,
Sweater,134,1,
Sweater,234,1,
Sweater,241,1,
Sweater,248,1,
Sweater,268,1,
Sweater,279,1,
Sweater,284,1,
Sweater,303,1,
Sweater,306,1,
Sweater,318,1,
Sweater,331,1,
Sweater,334,1,
Sweater,336,1,
Sweater,338,1,
Sweater,351,1,
Sweater,373,1,
Sweater,385,1,
Sweater,392,1,
Sweater,411,1,
Sweater,419,1,
Sweater,425,1,
Sweater,475,1,
Sweater,478,1,
Sweater,489,1,
Sweater,581,1,
Sweater,582,1,
Sweater,610,1,
Sweater,629,1,
Sweater,638,1,
Sweater,644,1,
Sweater,671,1,
Sweater,687,1,
Sweater,723,1,
Sweater,728,1,
Sweater,764,1,
Sweater,772,1,
Sweater,791,1,
Sweater,817,1,
Sweater,842,1,
Sweater,900,1,
Sweater,908,1,
Sweater,918,1,
Sweater,976,1,
Sweater,1046,1,
Sweater,1057,1,
Sweater,1061,1,
Sweater,1079,1,
Sweater,1092,1,
Sweater,1100,1,
Sweater,1103,1,
Sweater,1125,1,
Sweater,1220,1,
Sweater,1236,1,
Sweater,1265,1,
Sweater,1276,1,
Sweater,1294,1,
Sweater,1307,1,
Sweater,1329,1,
Sweater,1338,1,
Sweater,1348,1,
Sweater,1435,1,
Sweater,1445,1,
Sweater,1459,1,
Sweater,1475,1,
Sweater,1499,1,
Sweater,1586,1,
Sweater,1605,1,
Sweater,1625,1,
Sweater,1632,1,
Sweater,1653,1,
Sweater,1656,1,
Sweater,1700,1,
Sweater,1720,1,
Sweater,1752,1,
Sweater,1760,1,
Sweater,1767,1,
Sweater,1775,1,
Sweater,1788,1,
Sweater,1802,1,
Sweater,1805,1,
Sweater,1853,1,
Sweater,1855,1,
Sweater,1874,1,
Sweater,1910,1,
Sweater,1913,1,
Sweater,1966,1,
Sweater,2011,1,
Sweater,2021,1,
Sweater,2055,1,
Sweater,2062,1,
Sweater,2076,1,
Sweater,2101,1,
Sweater,2139,1,
Sweater,2171,1,
Sweater,2206,1,
Sweater,2212,1,
Sweater,2269,1,
Sweater,2294,1,
Sweater,2352,1,
Sweater,2359,1,
Sweater,2370,1,
Sweater,2383,1,
Sweater,2420,1,
Sweater,2454,1,
Sweater,2526,1,
Sweater,2605,1,
Sweater,2702,1,
Sweater,2715,1,
Sweater,2753,1,
Sweater,2765,1,
Sweater,2790,1,
Sweater,2844,1,
Sweater,2851,1,
Sweater,2865,1,
Sweater,2874,1,
Sweater,2915,1,
Sweater,2926,1,
Sweater,2940,1,
Sweater,2969,1,
Sweater,2995,1,
Sweater,2998,1,
Sweater,3034,1,
Sweater,3060,1,
Sweater,3072,1,
Sweater,3078,1,
Sweater,3086,1,
Sweater,3133,1,
Sweater,3148,1,
Sweater,3185,1,
Sweater,3193,1,
Sweater,3198,1,
Sweater,3245,1,
Sweater,3255,1,
Sweater,3275,1,
Sweater,3295,1,
Sweater,3323,1,
Sweater,3364,1,
Sweater,3370,1,
Sweater,3383,1,
Sweater,3389,1,
Sweater,3407,1,
Sweater,3442,1,
Sweater,3480,1,
Sweater,3489,1,
Sweater,3527,1,
Sweater,3557,1,
Sweater,3588,1,
Sweater,3656,1,
Sweater,3695,1,
Sweater,3748,1,
Sweater,3769,1,
Sweater,3774,1,
Sweater,3801,1,
Sweater,3846,1,
Sweater,3848,1,
Sweater,3875,1,
T-shirt,35,1,
T-shirt,37,1,
T-shirt,53,1,
T-shirt,89,1,
T-shirt,110,1,
T-shirt,186,1,
T-shirt,207,1,
T-shirt,219,1,
T-shirt,289,1,
T-shirt,291,1,
T-shirt,299,1,
T-shirt,362,1,
T-shirt,380,1,
T-shirt,393,1,
T-shirt,402,1,
T-shirt,405,1,
T-shirt,501,1,
T-shirt,506,1,
T-shirt,510,1,
T-shirt,528,1,
T-shirt,536,1,
T-shirt,553,1,
T-shirt,571,1,
T-shirt,669,1,
T-shirt,725,1,
T-shirt,742,1,
T-shirt,746,1,
T-shirt,751,1,
T-shirt,784,1,
T-shirt,808,1,
T-shirt,905,1,
T-shirt,931,1,
T-shirt,940,1,
T-shirt,977,1,
T-shirt,1025,1,
T-shirt,1066,1,
T-shirt,1085,1,
T-shirt,1106,1,
T-shirt,1122,1,
T-shirt,1135,1,
T-shirt,1143,1,
T-shirt,1156,1,
T-shirt,1166,1,
T-shirt,1180,1,
T-shirt,1192,1,
T-shirt,1248,1,
T-shirt,1268,1,
T-shirt,1301,1,
T-shirt,1313,1,
T-shirt,1322,1,
T-shirt,1345,1,
T-shirt,1380,1,
T-shirt,1495,1,
T-shirt,1497,1,
T-shirt,1529,1,
T-shirt,1574,1,
T-shirt,1607,1,
T-shirt,1615,1,
T-shirt,1650,1,
T-shirt,1661,1,
T-shirt,1670,1,
T-shirt,1712,1,
T-shirt,1713,1,
T-shirt,1719,1,
T-shirt,1723,1,
T-shirt,1782,1,
T-shirt,1806,1,
T-shirt,1818,1,
T-shirt,1827,1,
T-shirt,1828,1,
T-shirt,1858,1,
T-shirt,1861,1,
T-shirt,1867,1,
T-shirt,1873,1,
T-shirt,1880,1,
T-shirt,1905,1,
T-shirt,1949,1,
T-shirt,2036,1,
T-shirt,2040,1,
T-shirt,2052,1,
T-shirt,2070,1,
T-shirt,2099,1,
T-shirt,2100,1,
T-shirt,2149,1,
T-shirt,2237,1,
T-shirt,2249,1,
T-shirt,2259,1,
T-shirt,2293,1,
T-shirt,2313,1,
T-shirt,2346,1,
T-shirt,2429,1,
T-shirt,2434,1,
T-shirt,2437,1,
T-shirt,2451,1,
T-shirt,2459,1,
T-shirt,2475,1,
T-shirt,2557,1,
T-shirt,2569,1,
T-shirt,2574,1,
T-shirt,2616,1,
T-shirt,2647,1,
T-shirt,2666,1,
T-shirt,2701,1,
T-shirt,2763,1,
T-shirt,2800,1,
T-shirt,2804,1,
T-shirt,2815,1,
T-shirt,2836,1,
T-shirt,2841,1,
T-shirt,2864,1,
T-shirt,2892,1,
T-shirt,2931,1,
T-shirt,2955,1,
T-shirt,3015,1,
T-shirt,3062,1,
T-shirt,3083,1,
T-shirt,3134,1,
T-shirt,3152,1,
T-shirt,3170,1,
T-shirt,3222,1,
T-shirt,3233,1,
T-shirt,3238,1,
T-shirt,3249,1,
T-shirt,3263,1,
T-shirt,3283,1,
T-shirt,3325,1,
T-shirt,3333,1,
T-shirt,3341,1,
T-shirt,3349,1,
T-shirt,3359,1,
T-shirt,3368,1,
T-shirt,3387,1,
T-shirt,3428,1,
T-shirt,3456,1,
T-shirt,3510,1,
T-shirt,3530,1,
T-shirt,3550,1,
T-shirt,3602,1,
T-shirt,3612,1,
T-shirt,3630,1,
T-shirt,3659,1,
T-shirt,3718,1,
T-shirt,3772,1,
T-shirt,3855,1,
T-shirt,3859,1,
T-shirt,3865,1,
T-shirt,3872,1,